,Date,Open Price,High Price,Low Price,Close Price,SMA50,SMA5,SMA10,SMA20,SMA100,SMA200
0,736130.0,1155.0,1170.9,1153.2,1169.55,,,,,,
1,736131.0,1166.55,1168.85,1155.35,1162.15,,,,,,
2,736132.0,1167.0,1178.0,1165.55,1170.0,,,,,,
3,736135.0,1159.0,1179.25,1158.8,1172.05,,,,,,
4,736136.0,1175.0,1175.45,1161.2,1166.65,,1168.08,,,,
5,736137.0,1166.0,1175.0,1166.0,1171.5,,1168.4699999999998,,,,
6,736138.0,1169.8,1191.85,1167.5,1190.1,,1174.06,,,,
7,736139.0,1159.85,1171.9,1147.0,1161.9,,1172.4399999999998,,,,
8,736142.0,1162.0,1169.0,1153.05,1159.95,,1170.0199999999998,,,,
9,736143.0,1161.25,1173.1,1150.0,1166.95,,1170.0799999999995,1169.0800000000002,,,
10,736144.0,1165.0,1169.5,1159.7,1168.3,,1169.4399999999996,1168.9550000000002,,,
11,736145.0,1171.0,1180.0,1162.15,1176.45,,1166.7099999999996,1170.3850000000002,,,
13,736146.0,1180.0,1185.0,1171.8,1174.5,,1169.2299999999996,1170.8350000000003,,,
14,736149.0,1178.2,1179.5,1171.4,1172.8,,1171.7999999999997,1170.9100000000003,,,
15,736150.0,1172.8,1174.3,1162.0,1165.6,,1171.5299999999997,1170.8050000000003,,,
17,736152.0,1167.9,1188.75,1160.9,1185.65,,1174.9999999999998,1172.2200000000003,,,
18,736153.0,1185.1,1185.6,1171.25,1174.85,,1174.6799999999998,1170.6950000000002,,,
20,736156.0,1186.0,1201.9,1181.05,1199.75,,1179.7299999999998,1174.4800000000002,,,
21,736157.0,1209.9,1209.9,1195.55,1202.15,,1185.6,1178.7000000000003,,,
23,736158.0,1199.8,1201.95,1193.3,1197.75,,1192.03,1181.7800000000002,1175.43,,
24,736159.0,1201.0,1202.15,1192.2,1200.35,,1194.97,1184.9850000000001,1176.97,,
25,736160.0,1203.8,1226.0,1195.1,1223.7,,1204.7400000000002,1189.7100000000003,1180.0475000000001,,
26,736163.0,1225.0,1238.5,1222.65,1227.45,,1210.2800000000002,1195.0050000000003,1182.92,,
27,736164.0,1229.0,1230.75,1213.85,1218.35,,1213.52,1199.5600000000004,1185.2350000000001,,
28,736165.0,1223.0,1238.5,1221.75,1232.2,,1220.41,1206.2200000000005,1188.5125,,
29,736166.0,1230.7,1239.9,1222.5,1228.6,,1226.06,1210.5150000000006,1191.3674999999998,,
30,736167.0,1233.35,1234.65,1221.5,1230.8,,1227.48,1216.1100000000004,1193.4025,,
31,736170.0,1233.0,1249.45,1227.0,1246.95,,1231.3799999999999,1220.8300000000004,1197.655,,
32,736171.0,1242.4,1245.65,1235.15,1238.8,,1235.47,1224.4950000000003,1201.5974999999999,,
33,736172.0,1241.0,1247.55,1230.0,1236.95,,1236.42,1228.4150000000004,1205.0974999999999,,
34,736173.0,1238.0,1251.25,1235.55,1248.45,,1240.39,1233.2250000000006,1209.105,,
35,736174.0,1248.0,1250.0,1235.0,1246.2,,1243.47,1235.4750000000006,1212.5925,,
37,736177.0,1249.0,1258.95,1227.65,1242.3,,1242.5400000000002,1236.9600000000005,1215.9824999999998,,
38,736178.0,1247.0,1256.45,1240.4,1243.3,,1243.44,1239.4550000000004,1219.5075,,
39,736179.0,1241.1,1249.95,1231.0,1240.45,,1244.14,1240.2800000000002,1223.25,,
40,736180.0,1246.6,1246.7,1233.6,1241.0,,1242.65,1241.5200000000002,1226.0175,,
41,736181.0,1247.4,1255.65,1241.75,1249.25,,1243.2600000000002,1243.3650000000002,1229.7375,,
42,736184.0,1252.9,1255.0,1244.55,1249.6,,1244.7200000000003,1243.6300000000003,1232.23,,
43,736185.0,1252.9,1252.9,1237.7,1247.2,,1245.5000000000002,1244.4700000000005,1234.4824999999998,,
44,736186.0,1245.0,1250.95,1219.75,1226.9,,1242.7900000000004,1243.4650000000004,1235.94,,
45,736187.0,1226.8,1235.0,1222.0,1228.25,,1240.2400000000002,1241.4450000000002,1237.335,,
46,736188.0,1231.05,1235.0,1219.4,1228.7,,1236.1300000000003,1239.6950000000002,1237.585,,
47,736192.0,1233.0,1238.45,1213.8,1227.3,,1231.6700000000005,1238.1950000000002,1237.5774999999999,,
48,736193.0,1233.4,1237.5,1226.0,1234.9,,1229.2100000000005,1237.3550000000002,1238.4050000000002,,
49,736194.0,1238.0,1254.9,1234.55,1252.5,,1234.3300000000004,1238.5600000000002,1239.42,,
50,736195.0,1250.0,1250.0,1241.45,1247.1,,1238.1000000000004,1239.1700000000003,1240.345,,
51,736198.0,1245.05,1254.45,1241.0,1250.3,,1242.4200000000005,1239.275,1241.3200000000002,,
52,736199.0,1251.0,1254.0,1246.05,1251.45,,1247.2500000000005,1239.4600000000003,1241.545,,
53,736200.0,1252.05,1264.2,1247.05,1261.8,,1252.6300000000003,1240.92,1242.6950000000002,,
54,736201.0,1264.0,1266.8,1254.3,1258.55,1213.365,1253.8400000000004,1244.085,1243.775,,
55,736202.0,1260.0,1261.9,1253.9,1257.1,1215.116,1255.8400000000001,1246.97,1244.2075,,
56,736205.0,1255.5,1255.5,1236.2,1238.1,1216.6349999999998,1253.4,1247.91,1243.8024999999998,,
57,736206.0,1245.1,1270.5,1243.95,1268.65,1218.608,1256.8400000000004,1252.045,1245.12,,
58,736207.0,1269.0,1295.0,1265.5,1291.2,1220.9909999999998,1262.7200000000003,1257.6750000000002,1247.5149999999999,,
59,736208.0,1288.0,1290.0,1275.4,1283.7,1223.3319999999997,1267.7500000000002,1260.7950000000003,1249.6775,,
60,736209.0,1285.5,1289.0,1281.15,1285.1,1225.6039999999996,1273.35,1264.5950000000003,1251.8825,,
61,736213.0,1290.05,1303.9,1290.05,1300.4,1227.8099999999997,1285.81,1269.6050000000002,1254.44,,
62,736214.0,1301.0,1305.0,1283.1,1286.75,1230.3069999999998,1289.4299999999998,1273.1350000000002,1256.2975000000001,,
64,736215.0,1290.0,1295.25,1283.6,1289.4,1232.8959999999997,1289.07,1275.8950000000002,1258.4075,,
66,736216.0,1290.0,1294.5,1278.3,1290.4,1235.3649999999998,1290.41,1279.0800000000004,1261.5825,,
67,736219.0,1274.7,1284.4,1271.5,1279.9,1237.5969999999998,1289.3700000000001,1281.3600000000001,1264.1650000000002,,
68,736221.0,1275.0,1277.0,1265.4,1269.45,1239.4569999999999,1283.1799999999998,1284.4950000000003,1266.2025,,
69,736222.0,1272.0,1283.9,1269.85,1279.6,1241.5589999999997,1281.75,1285.5900000000004,1268.8175,,
71,736223.0,1283.8,1304.5,1283.8,1297.85,1244.0599999999997,1283.44,1286.2550000000003,1271.965,,
72,736226.0,1297.0,1302.5,1288.0,1290.15,1246.5509999999997,1283.39,1286.9,1273.8475,,
73,736227.0,1292.65,1295.0,1284.05,1288.45,1248.6069999999997,1285.1,1287.2350000000001,1275.9150000000002,,
74,736228.0,1292.0,1298.0,1287.9,1293.0,1250.9699999999998,1289.81,1286.4950000000003,1278.0500000000002,,
75,736229.0,1305.0,1316.95,1300.55,1306.9,1253.1129999999998,1295.27,1288.5100000000002,1280.8225000000002,,
76,736230.0,1306.05,1318.45,1301.5,1312.7,1255.3239999999996,1298.2400000000002,1290.8400000000004,1283.3675000000003,,
77,736233.0,1306.1,1308.9,1293.7,1296.15,1257.2919999999997,1299.44,1291.4150000000004,1285.2475000000004,,
79,736234.0,1299.0,1306.15,1294.85,1298.05,1259.2459999999999,1301.3600000000001,1293.2300000000002,1287.2950000000005,,
80,736235.0,1299.9,1300.0,1289.0,1295.25,1260.677,1301.8100000000002,1295.8100000000002,1290.1525000000006,,
82,736236.0,1297.95,1306.0,1267.95,1277.5,1261.6779999999999,1295.9300000000003,1295.6000000000001,1290.5950000000005,,
83,736237.0,1277.1,1281.0,1267.4,1272.85,1262.7679999999998,1287.9600000000005,1293.1000000000001,1289.6775000000002,,
85,736240.0,1281.0,1289.9,1276.4,1287.2,1263.868,1286.1700000000005,1292.8050000000003,1289.8525000000004,,
86,736241.0,1288.6,1295.0,1282.3,1289.55,1265.087,1284.4700000000005,1292.9150000000002,1290.0750000000003,,
87,736242.0,1298.0,1300.05,1276.4,1286.1,1266.193,1282.6400000000006,1292.2250000000001,1289.3600000000001,,
88,736243.0,1287.1,1295.6,1279.05,1281.95,1266.8929999999998,1283.5300000000004,1289.7300000000002,1289.1200000000003,,
89,736244.0,1284.0,1287.75,1276.25,1280.6,1267.7289999999998,1285.0800000000004,1286.5200000000002,1288.68,,
90,736247.0,1285.0,1287.9,1278.75,1284.35,1268.677,1284.5100000000004,1285.3400000000004,1288.3775,,
91,736250.0,1279.0,1279.0,1256.45,1262.75,1268.963,1279.1500000000003,1281.8100000000004,1287.52,,
92,736251.0,1265.75,1268.0,1254.0,1261.8,1269.275,1274.2900000000004,1278.4650000000004,1287.1374999999998,,
93,736254.0,1265.5,1266.4,1232.75,1237.7,1269.183,1265.4400000000005,1274.4850000000004,1285.0425,,
94,736255.0,1243.2,1260.0,1239.0,1257.85,1269.4739999999997,1260.8900000000006,1272.9850000000004,1283.0425,,
95,736256.0,1261.1,1263.0,1248.0,1258.35,1269.8319999999999,1255.6900000000005,1270.1000000000004,1281.4524999999999,,
96,736257.0,1260.25,1267.45,1251.0,1255.5,1270.1219999999998,1254.2400000000005,1266.6950000000004,1279.8049999999998,,
97,736258.0,1256.0,1272.95,1250.0,1270.7,1270.5509999999997,1256.0200000000004,1265.1550000000004,1278.6899999999998,,
98,736261.0,1271.75,1276.85,1261.05,1263.55,1270.83,1261.1900000000005,1263.3150000000003,1276.5224999999996,,
99,736262.0,1268.0,1268.0,1244.05,1250.3,1270.892,1259.6800000000007,1260.2850000000003,1273.4024999999997,,
100,736263.0,1243.35,1265.0,1235.05,1239.3,1271.14,1255.8700000000008,1255.7800000000002,1270.5599999999995,,
101,736264.0,1239.0,1257.0,1224.15,1252.1,1271.617,1255.190000000001,1254.7150000000001,1268.2624999999994,,
102,736265.0,1254.5,1261.9,1240.1,1259.05,1272.2240000000002,1252.860000000001,1254.44,1266.4524999999994,,
103,736267.0,1263.3,1263.3,1250.0,1253.3,1272.7440000000001,1250.8100000000009,1256.0,1265.2424999999994,,
104,736269.0,1256.0,1263.85,1247.05,1259.8,1273.2420000000002,1252.710000000001,1256.195,1264.5899999999995,,
105,736270.0,1251.1,1255.7,1241.5,1246.15,1273.1150000000002,1254.0800000000008,1254.975,1262.5374999999995,,
106,736271.0,1245.0,1260.0,1231.75,1254.95,1273.2720000000002,1254.6500000000008,1254.9199999999998,1260.8074999999994,,
107,736272.0,1252.8,1252.8,1241.75,1243.7,1273.14,1251.5800000000006,1252.2199999999998,1258.6874999999995,,
108,736275.0,1252.0,1254.85,1240.0,1249.45,1273.1,1250.8100000000006,1250.81,1257.0624999999995,,
109,736276.0,1251.1,1258.0,1240.1,1254.3,1272.95,1249.7100000000005,1251.21,1255.7474999999997,,
110,736277.0,1200.0,1257.4,1195.35,1251.25,1272.8039999999999,1250.7300000000007,1252.4050000000002,1254.0924999999997,1243.0845000000002,
111,736278.0,1263.75,1283.0,1254.1,1278.55,1273.233,1255.4500000000007,1255.05,1254.8824999999997,1244.1745,
112,736279.0,1274.0,1282.0,1265.6,1275.8,1273.987,1261.8700000000008,1256.725,1255.5824999999998,1245.3110000000001,
113,736283.0,1277.5,1289.0,1250.65,1254.75,1273.709,1262.9300000000007,1256.8700000000001,1256.4349999999997,1246.1585000000002,
115,736284.0,1268.0,1268.0,1240.05,1244.35,1272.7720000000002,1260.9400000000007,1255.3250000000003,1255.7599999999998,1246.8815000000002,
117,736285.0,1238.3,1248.9,1225.15,1230.2,1271.7020000000002,1256.7300000000007,1253.7300000000002,1254.3524999999997,1247.5170000000003,
118,736286.0,1236.0,1236.0,1209.2,1211.4,1270.228,1243.3000000000006,1249.3750000000002,1252.1474999999998,1247.9160000000002,
119,736289.0,1219.5,1219.5,1188.35,1198.7,1268.1940000000002,1227.8800000000006,1244.8750000000002,1248.5475,1248.0020000000002,
120,736290.0,1206.8,1206.8,1189.35,1198.05,1266.42,1216.5400000000004,1239.7350000000001,1245.2724999999998,1248.3635000000002,
121,736291.0,1203.0,1203.0,1181.1,1184.75,1264.3270000000002,1204.6200000000003,1232.7800000000002,1241.995,1248.6115000000002,
122,736292.0,1184.0,1186.3,1160.9,1165.5,1261.8290000000002,1191.6800000000005,1224.2050000000002,1238.3049999999998,1248.5970000000002,
123,736293.0,1169.0,1193.2,1158.0,1189.3,1260.017,1187.2600000000007,1215.2800000000002,1235.165,1248.8070000000002,
125,736296.0,1180.25,1198.9,1178.1,1184.45,1258.317,1184.4100000000005,1206.1450000000002,1231.435,1248.8870000000002,
126,736297.0,1184.7,1192.95,1176.5,1178.75,1256.3000000000002,1180.5500000000006,1198.5450000000003,1227.7075,1248.9295000000002,
127,736298.0,1185.0,1202.0,1181.1,1199.6,1254.335,1183.5200000000004,1194.0700000000002,1224.6975,1249.1975000000002,
128,736299.0,1202.3,1207.9,1193.0,1197.25,1252.477,1189.8700000000003,1190.775,1222.2525,1249.5140000000001,
129,736300.0,1189.0,1201.95,1176.7,1189.1,1250.4900000000002,1189.8300000000004,1188.5450000000003,1218.9599999999998,1249.5485000000003,
131,736303.0,1187.6,1198.95,1176.5,1196.35,1248.557,1192.2100000000005,1188.3100000000002,1216.5924999999997,1249.7635000000002,
132,736304.0,1195.0,1202.85,1190.2,1194.45,1246.308,1195.3500000000004,1187.9500000000003,1213.8424999999997,1249.7105000000004,
134,736305.0,1201.85,1205.9,1167.0,1181.6,1243.6860000000001,1191.7500000000005,1187.6350000000004,1210.2074999999998,1249.5050000000003,
136,736306.0,1187.0,1205.55,1187.0,1199.5,1241.753,1192.2000000000003,1191.0350000000003,1207.6199999999997,1249.5225000000005,
137,736307.0,1199.1,1202.3,1188.0,1198.3,1239.758,1194.0400000000004,1191.9350000000004,1203.6074999999996,1249.5020000000004,
138,736310.0,1192.0,1192.15,1181.1,1184.45,1237.542,1191.6600000000005,1191.9350000000004,1199.0399999999997,1249.1095000000005,
139,736311.0,1180.25,1190.35,1178.55,1186.25,1235.7169999999999,1190.0200000000007,1192.6850000000004,1195.6149999999998,1248.6975000000004,
141,736312.0,1187.0,1188.0,1173.4,1175.7,1233.774,1188.8400000000006,1190.2950000000005,1192.1825,1248.2710000000004,
143,736313.0,1164.2,1194.5,1163.6,1176.6,1231.562,1184.2600000000007,1188.2300000000005,1189.5024999999998,1247.7150000000004,
144,736314.0,1176.6,1185.0,1171.55,1182.3,1229.417,1181.0600000000006,1187.5500000000004,1188.0474999999997,1247.2520000000004,
145,736317.0,1176.8,1179.5,1170.5,1176.75,1227.23,1179.5200000000007,1185.5900000000004,1186.9499999999996,1246.7115000000003,
146,736318.0,1176.0,1185.0,1171.7,1181.9,1225.229,1178.6500000000008,1184.3350000000003,1186.1424999999997,1246.0610000000004,
147,736319.0,1184.0,1185.0,1175.0,1180.0,1223.217,1179.5100000000007,1184.1750000000002,1185.9049999999997,1245.4730000000004,
149,736320.0,1176.4,1179.5,1168.4,1173.1,1220.9920000000002,1178.8100000000006,1181.5350000000003,1186.2849999999996,1244.8345000000004,
151,736321.0,1171.0,1189.25,1169.3,1186.25,1219.4620000000002,1179.6000000000006,1180.3300000000004,1186.1324999999997,1244.2125000000005,
153,736324.0,1178.55,1186.1,1170.1,1175.0,1217.726,1179.2500000000005,1179.3850000000002,1185.6599999999996,1243.5005000000006,
154,736325.0,1179.3,1186.9,1173.9,1185.2,1216.6760000000002,1179.9100000000005,1179.2800000000002,1185.9824999999996,1242.9295000000004,
155,736326.0,1189.9,1194.95,1181.0,1186.75,1215.2540000000001,1181.2600000000007,1180.3850000000002,1185.3399999999997,1242.3640000000005,
156,736327.0,1185.0,1207.95,1181.45,1205.2,1214.191,1187.6800000000007,1183.2450000000003,1185.7374999999997,1242.0115000000003,
157,736328.0,1200.0,1212.0,1199.95,1206.2,1213.205,1191.6700000000005,1185.6350000000004,1186.5925,1241.6635000000003,
158,736331.0,1209.45,1210.1,1192.05,1197.1,1211.733,1196.0900000000006,1187.6700000000005,1186.6299999999999,1241.1420000000005,
159,736332.0,1200.8,1201.95,1185.75,1189.9,1210.26,1197.0300000000004,1188.4700000000005,1186.4025,1240.5450000000003,
160,736333.0,1189.85,1192.0,1183.8,1185.5,1208.964,1196.7800000000004,1189.0200000000004,1186.5975,1239.9280000000003,
161,736334.0,1189.0,1194.5,1183.1,1186.2,1207.9019999999998,1192.9800000000005,1190.3300000000004,1185.9325000000001,1239.5210000000004,
163,736335.0,1190.1,1198.4,1188.2,1193.65,1206.733,1190.4700000000007,1191.0700000000004,1185.7000000000003,1239.1750000000002,
165,736338.0,1198.85,1204.15,1192.15,1195.2,1205.4559999999997,1190.0900000000006,1193.0900000000006,1186.2375000000002,1238.8400000000004,
166,736339.0,1196.2,1216.8,1195.3,1214.35,1204.6769999999997,1194.9800000000007,1196.0050000000006,1187.6425000000002,1238.7105000000004,
167,736340.0,1217.5,1238.1,1215.5,1234.0,1204.1609999999996,1204.6800000000007,1200.7300000000005,1190.5575000000001,1238.7015000000004,
168,736341.0,1235.0,1243.7,1225.5,1235.0,1203.9379999999996,1214.4400000000007,1203.7100000000005,1193.4775000000002,1238.5265000000004,
170,736342.0,1239.0,1239.7,1228.6,1232.5,1203.4889999999996,1222.2100000000005,1206.3400000000004,1195.9875000000002,1238.3805000000002,
172,736345.0,1233.5,1249.45,1232.8,1247.65,1203.5679999999998,1232.7000000000005,1211.3950000000002,1199.5325000000003,1238.3540000000003,
173,736346.0,1247.0,1252.4,1236.25,1238.5,1203.3489999999997,1237.5300000000007,1216.2550000000003,1202.3625000000002,1238.2245000000003,
174,736347.0,1240.9,1256.0,1240.85,1242.6,1203.1149999999998,1239.2500000000007,1221.9650000000004,1205.4925,1238.0325000000003,
175,736348.0,1244.9,1244.9,1235.0,1236.3,1202.8159999999998,1239.5100000000007,1226.9750000000001,1208.6525000000001,1237.8100000000004,
176,736349.0,1236.0,1245.0,1230.0,1236.35,1201.9719999999998,1240.2800000000007,1231.2450000000003,1211.1575,1237.6025000000002,
177,736352.0,1236.0,1250.0,1235.8,1244.65,1201.3489999999997,1239.6800000000007,1236.19,1214.64,1237.6680000000001,
178,736353.0,1250.0,1271.5,1249.25,1267.55,1201.6049999999998,1245.4900000000007,1241.51,1218.7575000000002,1237.6570000000002,
179,736354.0,1272.6,1295.6,1270.1,1290.6,1202.5299999999997,1255.0900000000006,1247.17,1223.95,1237.6510000000003,
181,736356.0,1299.0,1300.0,1288.0,1291.9,1203.764,1266.2100000000005,1252.8600000000001,1228.285,1237.7330000000004,
182,736359.0,1292.95,1292.95,1280.55,1284.95,1205.2349999999997,1275.9300000000003,1258.105,1232.2225,1237.7315000000003,
183,736360.0,1282.4,1292.7,1277.0,1286.65,1206.9939999999997,1284.3300000000004,1262.005,1236.7000000000003,1237.5940000000003,
184,736361.0,1286.2,1310.0,1280.5,1305.7,1209.1469999999997,1291.9600000000003,1268.7250000000001,1242.4900000000002,1237.7835000000002,
185,736362.0,1305.7,1305.7,1292.6,1298.7,1211.4259999999997,1293.5800000000004,1274.3350000000003,1248.15,1237.8765000000003,
186,736363.0,1299.0,1316.0,1296.5,1311.05,1214.3369999999998,1297.4100000000003,1281.8100000000002,1254.3925000000002,1238.0830000000003,
188,736366.0,1312.3,1320.0,1311.45,1314.1,1216.8329999999996,1303.2400000000002,1289.5850000000003,1260.415,1238.4250000000004,
190,736367.0,1316.0,1318.0,1302.95,1307.15,1219.2869999999996,1307.3400000000006,1295.8350000000003,1266.0125,1238.8020000000004,
192,736368.0,1307.55,1318.7,1298.15,1305.65,1221.8249999999998,1307.3300000000004,1299.6450000000002,1270.5775,1239.0625000000002,
193,736369.0,1309.4,1319.9,1292.55,1297.65,1223.7859999999998,1307.1200000000006,1300.3500000000001,1273.7600000000002,1239.0605000000003,
194,736370.0,1298.35,1308.75,1298.0,1303.6,1225.9129999999998,1305.6300000000006,1301.5200000000002,1277.19,1239.1950000000004,
195,736373.0,1307.55,1315.0,1299.2,1310.2,1228.3349999999998,1304.8500000000004,1304.0450000000003,1281.0750000000003,1239.4125000000004,
196,736374.0,1314.0,1314.0,1304.0,1311.1,1230.6299999999997,1305.6400000000006,1306.4900000000002,1284.2475,1239.5935000000004,
197,736375.0,1312.0,1324.0,1307.45,1322.2,1233.1849999999997,1308.9500000000003,1308.1400000000003,1288.4325000000001,1239.7465000000004,
198,736376.0,1323.0,1333.0,1320.25,1327.9,1236.1109999999999,1315.0000000000005,1311.0600000000002,1292.6975000000002,1239.8985000000002,
199,736377.0,1445.0,1454.0,1360.45,1377.05,1239.6619999999998,1329.6900000000005,1317.6600000000003,1299.7350000000001,1240.7075000000004,
201,736380.0,1361.2,1415.45,1359.15,1409.1,1243.8779999999997,1349.4700000000007,1327.1600000000003,1308.3725000000002,1241.8180000000004,
203,736381.0,1406.05,1421.8,1397.4,1415.55,1248.4999999999998,1370.3600000000006,1338.0000000000002,1316.9175,1243.0210000000004,
204,736382.0,1415.0,1418.8,1394.85,1399.15,1252.7579999999998,1385.7500000000005,1347.3500000000001,1323.4975000000002,1244.2375000000004,
206,736383.0,1403.8,1421.35,1387.05,1394.3,1257.13,1399.0300000000007,1357.015,1328.6825000000003,1245.4520000000005,
208,736387.0,1390.9,1398.35,1378.6,1393.6,1261.47,1402.3400000000006,1366.015,1333.7675000000002,1246.5160000000005,
210,736388.0,1392.9,1396.25,1384.5,1390.1,1265.626,1398.5400000000004,1374.005,1339.025,1247.5215000000005,
212,736389.0,1396.45,1396.5,1386.4,1391.65,1269.924,1393.7600000000004,1382.06,1344.275,1248.5770000000005,
213,736390.0,1394.55,1396.0,1376.25,1380.1,1273.888,1389.9500000000003,1387.85,1347.995,1249.5585000000005,
214,736391.0,1384.5,1384.5,1369.0,1377.0,1277.828,1386.4900000000002,1392.76,1351.9099999999999,1250.5225000000005,
215,736394.0,1376.8,1389.9,1373.1,1380.75,1281.981,1383.92,1393.13,1355.395,1251.4865000000004,
216,736395.0,1382.25,1387.5,1376.2,1386.2,1285.9799999999998,1383.14,1390.8400000000001,1359.0,1252.7210000000005,
217,736396.0,1387.9,1399.2,1381.05,1392.2,1290.3239999999998,1383.2500000000005,1388.5050000000003,1363.2525,1254.0250000000003,
219,736397.0,1381.65,1398.7,1381.65,1394.2,1294.504,1386.0700000000004,1388.0100000000004,1367.6799999999998,1255.5900000000004,
221,736398.0,1395.0,1408.0,1393.15,1400.1,1298.771,1390.6900000000005,1388.5900000000006,1372.8024999999998,1257.0125000000003,
223,736402.0,1422.1,1424.15,1406.65,1410.7,1302.881,1396.6800000000007,1390.3000000000006,1378.1574999999998,1258.5360000000003,
224,736403.0,1410.95,1420.0,1410.55,1416.6,1307.0890000000002,1402.7600000000007,1392.9500000000005,1383.4774999999997,1260.1470000000002,
225,736404.0,1418.1,1422.85,1413.65,1417.35,1311.4940000000001,1407.7900000000006,1395.5200000000007,1388.7899999999997,1261.6135000000004,
226,736405.0,1418.55,1427.5,1412.85,1425.85,1316.2130000000004,1414.1200000000006,1400.0950000000007,1393.9724999999996,1263.2365000000004,
228,736408.0,1426.65,1439.85,1425.95,1436.1,1321.2250000000006,1421.3200000000004,1406.0050000000006,1399.3824999999995,1265.0945000000004,
230,736409.0,1434.0,1445.0,1434.0,1440.95,1326.3200000000006,1427.3700000000006,1412.0250000000008,1402.5774999999996,1267.1110000000003,
231,736410.0,1427.7,1437.0,1425.8,1430.9,1331.0650000000005,1430.2300000000007,1416.4950000000006,1403.6674999999998,1268.8990000000003,
232,736411.0,1434.4,1435.0,1422.9,1430.9,1335.7790000000005,1432.9400000000005,1420.3650000000005,1404.435,1270.6175,
233,736412.0,1433.0,1434.45,1422.0,1424.35,1339.9790000000005,1432.6400000000006,1423.3800000000006,1405.6949999999997,1272.3280000000002,
235,736415.0,1424.0,1424.0,1404.05,1409.85,1343.4960000000005,1427.3900000000006,1424.3550000000005,1406.4724999999996,1273.8285000000003,
237,736416.0,1418.3,1424.7,1413.1,1420.2,1347.2000000000005,1423.2400000000007,1425.3050000000005,1407.8024999999998,1275.5690000000002,
239,736417.0,1420.8,1434.8,1420.0,1428.6,1351.1220000000008,1422.7800000000007,1426.5050000000006,1409.7274999999997,1277.3055000000004,
240,736418.0,1428.0,1479.95,1425.05,1466.2,1355.4930000000008,1429.8400000000008,1431.3900000000006,1413.4549999999997,1279.5305000000003,
242,736419.0,1453.8,1454.0,1436.55,1442.55,1359.5740000000008,1433.4800000000007,1433.0600000000004,1416.5774999999999,1281.4615000000003,
243,736422.0,1446.0,1450.1,1426.0,1433.2,1363.3860000000006,1438.1500000000008,1432.7700000000004,1419.3874999999998,1283.2505000000003,
244,736424.0,1435.25,1446.5,1427.55,1432.35,1367.3070000000007,1440.5800000000008,1431.9100000000003,1421.9674999999997,1285.0615000000005,1264.0730000000012
246,736425.0,1431.5,1443.0,1425.05,1438.5,1371.3500000000006,1442.5600000000009,1432.6700000000005,1424.5824999999998,1286.6610000000003,1265.4177500000012
247,736426.0,1431.05,1445.0,1428.6,1438.85,1375.2340000000008,1437.090000000001,1433.4650000000006,1426.9149999999995,1288.2915000000003,1266.8012500000013
248,736429.0,1443.0,1443.0,1432.65,1434.15,1378.5660000000007,1435.4100000000012,1434.4450000000004,1428.9124999999997,1290.0855000000004,1268.1220000000012
249,736430.0,1434.0,1441.2,1431.5,1439.5,1381.5440000000006,1436.6700000000014,1437.4100000000003,1430.8824999999997,1292.0370000000003,1269.4592500000012
250,736431.0,1439.0,1449.95,1435.5,1443.7,1384.5800000000006,1438.9400000000012,1439.7600000000004,1432.5324999999998,1294.1720000000003,1270.8445000000015
252,736432.0,1443.0,1448.9,1437.05,1440.3,1387.6870000000008,1439.300000000001,1440.9300000000003,1433.7174999999997,1296.4610000000002,1272.1885000000013
254,736436.0,1440.3,1443.8,1428.25,1436.8,1390.690000000001,1438.8900000000008,1437.9900000000002,1434.6899999999998,1298.8420000000003,1273.4220000000014
255,736437.0,1440.0,1455.0,1438.0,1447.3,1393.522000000001,1441.520000000001,1438.4650000000001,1435.7624999999998,1301.3345000000002,1274.8490000000013
257,736438.0,1447.0,1456.75,1438.0,1449.0,1396.5280000000012,1443.4200000000008,1440.045,1436.4074999999998,1303.977,1276.2942500000013
258,736439.0,1453.0,1466.05,1452.95,1462.15,1399.5500000000009,1447.1100000000008,1443.025,1437.4675,1306.9435,1277.7702500000012
259,736440.0,1466.0,1499.0,1453.3,1496.6,1403.200000000001,1458.3700000000006,1448.835,1440.7524999999998,1310.0165000000002,1279.4117500000011
260,736443.0,1498.1,1539.0,1497.0,1533.05,1407.718000000001,1477.6200000000006,1458.2549999999999,1445.8599999999997,1313.5025,1281.194750000001
262,736444.0,1535.05,1545.5,1529.6,1537.05,1412.3460000000011,1495.5700000000006,1468.5449999999998,1451.4949999999997,1317.0855,1283.007500000001
263,736445.0,1542.95,1553.0,1468.45,1550.65,1417.4060000000013,1515.9000000000008,1479.6599999999999,1458.5349999999999,1320.5959999999998,1284.896750000001
264,736446.0,1546.1,1573.95,1546.1,1568.6,1422.7060000000013,1537.190000000001,1492.1499999999999,1465.9549999999997,1324.3094999999998,1286.9117500000011
265,736447.0,1559.9,1559.9,1537.1,1546.5,1427.4320000000014,1547.1700000000008,1502.77,1471.85,1327.8834999999997,1288.716000000001
266,736451.0,1547.0,1550.9,1530.35,1540.6,1432.0220000000013,1548.6800000000007,1513.15,1475.5699999999997,1331.3259999999998,1290.5447500000012
267,736452.0,1554.25,1554.25,1539.35,1544.3,1436.4640000000013,1550.1300000000008,1522.85,1480.6574999999998,1334.8244999999995,1292.267500000001
268,736453.0,1539.25,1542.9,1522.6,1534.8,1440.6020000000017,1546.960000000001,1531.4299999999998,1485.7374999999997,1338.3564999999994,1293.930750000001
270,736454.0,1542.1,1542.9,1526.3,1532.2,1443.7050000000015,1539.680000000001,1538.435,1490.7299999999998,1341.6834999999994,1295.603000000001
271,736457.0,1538.0,1540.0,1528.55,1534.8,1446.2190000000014,1537.3400000000008,1542.255,1495.5449999999996,1345.0484999999994,1297.275250000001
272,736458.0,1534.8,1545.6,1532.65,1535.75,1448.6230000000014,1536.3700000000008,1542.5250000000003,1500.3899999999999,1348.5614999999993,1298.8355000000008
273,736459.0,1540.0,1555.0,1537.05,1551.8,1451.6760000000015,1537.8700000000006,1544.0000000000005,1506.2724999999996,1352.2169999999992,1300.4572500000008
274,736460.0,1551.0,1560.0,1541.0,1546.4,1454.7180000000014,1540.1900000000007,1543.5750000000005,1511.6174999999998,1355.923999999999,1302.0975000000008
275,736461.0,1545.9,1556.9,1536.2,1551.65,1457.879000000001,1544.0800000000008,1541.8800000000006,1517.0149999999999,1359.674499999999,1303.6947500000006
276,736464.0,1550.0,1557.2,1542.25,1553.4,1461.145000000001,1547.8000000000009,1542.5700000000004,1522.6699999999998,1363.385499999999,1305.3187500000008
278,736465.0,1555.0,1562.0,1548.25,1559.65,1464.5050000000008,1552.580000000001,1544.4750000000006,1528.8125,1367.214499999999,1306.9630000000006
279,736466.0,1558.8,1565.4,1551.5,1557.15,1468.0460000000007,1553.650000000001,1545.7600000000007,1534.305,1370.966999999999,1308.5140000000008
281,736467.0,1549.0,1561.5,1548.1,1557.1,1471.6480000000008,1555.7900000000009,1547.9900000000005,1539.71,1374.737999999999,1310.1055000000008
283,736468.0,1559.5,1569.9,1545.25,1561.25,1475.2580000000007,1557.710000000001,1550.8950000000004,1544.665,1378.6194999999989,1311.7270000000008
285,736471.0,1565.1,1580.0,1563.1,1576.0,1479.0540000000008,1562.230000000001,1555.0150000000006,1548.635,1382.516999999999,1313.3647500000006
286,736472.0,1580.0,1583.55,1565.0,1569.1,1482.592000000001,1564.1200000000013,1558.3500000000004,1550.4375,1386.457999999999,1314.9792500000005
288,736473.0,1569.05,1575.45,1562.0,1566.75,1486.043000000001,1566.0400000000013,1559.8450000000005,1551.9225000000001,1390.2734999999989,1316.6015000000004
289,736474.0,1567.1,1629.4,1567.1,1617.15,1490.384000000001,1578.050000000001,1566.9200000000005,1555.2475,1394.5774999999987,1318.4707500000006
291,736475.0,1606.65,1632.0,1601.1,1626.0,1494.690000000001,1591.0000000000011,1574.3550000000005,1558.1175,1398.7854999999988,1320.3985000000007
293,736478.0,1619.8,1648.0,1617.65,1631.9,1498.9960000000005,1602.180000000001,1582.2050000000004,1562.3875,1403.0424999999987,1322.3530000000007
295,736479.0,1630.0,1633.5,1616.15,1629.05,1503.2300000000005,1614.1700000000008,1589.1450000000007,1566.8100000000002,1407.3619999999983,1324.2520000000006
296,736480.0,1625.0,1643.0,1623.15,1636.2,1507.4370000000004,1628.0600000000009,1597.0500000000006,1571.4050000000002,1411.8249999999985,1326.1850000000009
297,736481.0,1639.0,1639.85,1620.55,1628.6,1511.2870000000005,1630.350000000001,1604.2000000000005,1576.0950000000003,1416.2559999999985,1328.0920000000008
299,736482.0,1634.0,1646.1,1626.2,1634.25,1515.1530000000005,1632.0000000000011,1611.5000000000007,1581.1975000000004,1420.7364999999984,1330.1287500000005
301,736485.0,1633.7,1638.95,1625.0,1635.55,1519.2460000000005,1632.730000000001,1617.4550000000006,1586.2350000000004,1425.1554999999985,1332.1652500000005
303,736486.0,1635.0,1643.8,1630.0,1638.95,1523.4070000000006,1634.7100000000012,1624.4400000000007,1591.3950000000004,1429.5929999999985,1334.2165000000005
304,736487.0,1640.4,1644.9,1630.35,1640.8,1527.7360000000006,1635.6300000000012,1631.8450000000007,1595.8450000000007,1433.8574999999983,1336.2840000000006
305,736488.0,1643.9,1659.4,1641.65,1644.75,1532.4340000000004,1638.860000000001,1634.605000000001,1600.7625000000003,1437.9649999999983,1338.3332500000004
306,736489.0,1640.1,1670.0,1640.1,1666.8,1537.3660000000007,1645.3700000000008,1638.6850000000009,1606.5200000000004,1442.282999999998,1340.4047500000004
307,736492.0,1664.0,1676.0,1660.0,1668.75,1542.1690000000006,1652.010000000001,1642.3700000000008,1612.2875000000004,1446.645499999998,1342.5130000000004
309,736493.0,1661.75,1691.9,1661.0,1676.7,1546.3790000000006,1659.5600000000009,1647.135000000001,1618.14,1450.9359999999983,1344.6450000000007
310,736494.0,1675.0,1679.95,1667.0,1671.2,1550.9520000000005,1665.6400000000012,1650.635000000001,1623.8425,1455.2629999999983,1346.7437500000005
311,736495.0,1668.0,1675.6,1653.6,1664.35,1555.5750000000005,1669.5600000000013,1654.210000000001,1629.205,1459.4804999999985,1348.7565000000004
313,736496.0,1665.0,1674.7,1658.1,1669.25,1560.3130000000006,1670.0500000000015,1657.710000000001,1634.605,1463.8099999999986,1350.8100000000006
315,736499.0,1671.0,1696.0,1668.4,1692.9,1565.4010000000003,1674.8800000000015,1663.445000000001,1640.45,1468.3754999999985,1352.9890000000007
316,736500.0,1690.0,1694.0,1679.85,1686.55,1570.3550000000002,1676.850000000001,1668.205000000001,1646.3225000000002,1472.7944999999984,1355.231250000001
318,736501.0,1682.6,1701.25,1679.6,1698.7,1575.6460000000004,1682.350000000001,1673.9950000000013,1652.92,1477.1059999999986,1357.3815000000009
320,736502.0,1694.95,1716.0,1691.2,1698.0,1580.8160000000003,1689.080000000001,1679.320000000001,1656.9625,1481.1799999999985,1359.4155000000007
322,736503.0,1702.0,1702.75,1675.2,1678.65,1585.5150000000003,1690.960000000001,1680.5050000000015,1659.595,1485.0474999999985,1361.3902500000008
324,736507.0,1689.0,1695.0,1656.25,1667.65,1590.0620000000001,1685.910000000001,1680.3950000000016,1661.3825000000002,1488.8744999999983,1363.303000000001
326,736508.0,1665.0,1675.0,1657.8,1666.45,1594.655,1681.8900000000012,1679.3700000000015,1663.2524999999998,1492.6724999999985,1365.133250000001
328,736509.0,1667.0,1681.9,1651.1,1663.05,1598.97,1674.760000000001,1678.5550000000014,1664.595,1496.2459999999983,1367.014750000001
329,736510.0,1653.8,1660.0,1643.0,1652.05,1603.031,1665.5700000000008,1677.3250000000014,1665.7675000000004,1499.779499999998,1368.8280000000007
330,736513.0,1652.6,1667.5,1647.25,1658.6,1606.9600000000003,1661.5600000000009,1676.2600000000014,1666.9850000000001,1503.2549999999983,1370.6690000000006
331,736514.0,1660.25,1666.7,1652.0,1653.35,1610.0950000000003,1658.7000000000012,1672.305000000001,1667.875,1506.6474999999982,1372.5362500000003
332,736515.0,1653.1,1659.5,1645.0,1648.75,1612.4090000000003,1655.160000000001,1668.525000000001,1668.3650000000002,1510.0634999999984,1374.4327500000002
334,736516.0,1652.55,1663.0,1651.35,1658.15,1614.8310000000001,1654.180000000001,1664.4700000000012,1669.2325,1513.5884999999982,1376.3255000000004
335,736517.0,1660.85,1669.6,1658.0,1667.2,1617.162,1657.2100000000014,1661.3900000000012,1670.355,1517.2839999999985,1378.1722500000005
336,736520.0,1670.7,1748.0,1661.05,1676.35,1619.317,1660.7600000000014,1661.160000000001,1670.8324999999998,1521.0114999999985,1380.1032500000003
337,736521.0,1677.55,1690.8,1667.1,1680.4,1621.995,1666.1700000000012,1662.4350000000009,1671.4149999999997,1524.7134999999982,1382.0630000000006
339,736522.0,1680.0,1685.0,1658.55,1681.25,1624.808,1672.6700000000012,1663.9150000000009,1671.6425,1528.4149999999981,1384.0042500000004
341,736523.0,1688.0,1693.3,1679.65,1683.55,1627.5929999999998,1677.7500000000011,1665.9650000000008,1672.2600000000002,1532.028499999998,1385.8875000000003
343,736524.0,1683.9,1686.05,1672.0,1679.95,1630.4959999999999,1680.300000000001,1668.755000000001,1673.0400000000002,1535.5489999999982,1387.7237500000003
345,736527.0,1682.55,1687.65,1677.0,1682.35,1633.499,1681.5000000000011,1671.130000000001,1673.6950000000002,1538.6019999999983,1389.6547500000001
346,736528.0,1679.7,1687.85,1677.35,1683.55,1636.474,1682.130000000001,1674.150000000001,1673.2275000000002,1541.3464999999983,1391.5822500000002
347,736529.0,1685.0,1696.2,1681.85,1692.3,1639.605,1684.3400000000008,1678.505000000001,1673.515,1544.1139999999982,1393.5675
348,736530.0,1693.9,1715.0,1688.15,1710.9,1642.7869999999998,1689.8100000000009,1683.780000000001,1674.1250000000005,1547.2314999999983,1395.7345
349,736531.0,1714.1,1715.25,1700.0,1703.05,1645.92,1694.4300000000007,1687.365000000001,1674.3775000000005,1550.3189999999981,1397.8855
351,736534.0,1710.0,1740.0,1695.0,1735.1,1649.5890000000002,1704.9800000000007,1693.240000000001,1677.2000000000003,1553.733999999998,1400.125
353,736535.0,1759.0,1759.0,1733.05,1739.65,1653.3140000000003,1716.2000000000007,1699.1650000000009,1680.8000000000004,1557.229499999998,1402.3755
355,736536.0,1742.0,1755.0,1732.5,1747.55,1657.0720000000003,1727.2500000000007,1705.7950000000008,1684.8550000000007,1560.788499999998,1404.6827500000002
357,736537.0,1756.0,1798.8,1751.55,1789.65,1661.7220000000004,1743.0000000000007,1716.405000000001,1691.1850000000006,1564.883999999998,1407.2212500000003
359,736538.0,1772.0,1786.5,1761.1,1778.5,1666.1500000000003,1758.0900000000008,1726.260000000001,1697.5075000000004,1568.8989999999978,1409.7107500000004
361,736541.0,1777.55,1791.0,1766.55,1784.4,1670.6130000000003,1767.9500000000007,1736.4650000000013,1703.7975000000006,1572.9354999999978,1412.2110000000007
362,736542.0,1781.85,1809.15,1772.2,1797.2,1675.037,1779.460000000001,1747.8300000000013,1710.9900000000005,1577.045499999998,1414.8832500000008
363,736543.0,1807.0,1807.0,1782.05,1791.65,1679.4879999999998,1788.280000000001,1757.7650000000017,1718.1350000000007,1581.0399999999977,1417.532500000001
365,736544.0,1788.0,1792.0,1774.4,1779.95,1683.7519999999997,1786.3400000000013,1764.6700000000014,1724.2250000000004,1584.8974999999978,1420.2437500000008
366,736545.0,1777.0,1796.75,1766.15,1790.25,1687.214,1788.6900000000012,1773.3900000000017,1730.3775000000005,1588.7989999999977,1422.905750000001
368,736548.0,1786.0,1796.45,1785.0,1788.55,1690.465,1789.5200000000011,1778.7350000000017,1735.9875000000006,1592.5774999999974,1425.556750000001
369,736549.0,1792.1,1797.25,1766.1,1777.9,1693.385,1785.660000000001,1782.5600000000018,1740.8625000000006,1596.1904999999972,1428.1687500000012
371,736550.0,1771.0,1777.05,1758.35,1764.45,1696.0929999999998,1780.2200000000012,1784.2500000000018,1745.0225000000005,1599.6614999999974,1430.6375000000012
372,736551.0,1760.0,1766.0,1752.85,1760.45,1698.578,1776.320000000001,1781.3300000000017,1748.8675000000003,1603.0074999999974,1433.1220000000012
373,736552.0,1745.0,1758.0,1731.15,1749.05,1700.9869999999999,1768.080000000001,1778.3850000000016,1752.3225000000007,1606.1369999999972,1435.6157500000013
375,736555.0,1753.0,1774.95,1748.0,1757.2,1703.4459999999997,1761.8100000000013,1775.6650000000016,1756.0650000000005,1609.2994999999971,1438.2052500000013
376,736557.0,1762.35,1789.8,1748.55,1781.25,1706.3599999999997,1762.4800000000014,1774.0700000000015,1760.9500000000003,1612.8029999999972,1440.8510000000015
377,736558.0,1776.25,1780.95,1753.75,1765.4,1708.8889999999997,1762.6700000000012,1771.4450000000015,1764.6050000000002,1616.1479999999972,1443.3827500000016
378,736559.0,1760.0,1761.0,1743.0,1752.15,1711.1159999999995,1761.010000000001,1768.6650000000016,1766.6675000000002,1619.4259999999972,1445.8770000000018
379,736562.0,1754.0,1759.0,1738.2,1743.2,1713.0849999999994,1759.8400000000013,1763.9600000000016,1768.675,1622.7594999999972,1448.294000000002
380,736563.0,1751.3,1754.0,1736.8,1747.0,1714.6889999999994,1757.800000000001,1759.8050000000017,1769.27,1626.0274999999972,1450.7982500000019
381,736564.0,1750.0,1777.95,1750.0,1772.45,1716.7629999999992,1756.0400000000013,1759.2600000000016,1770.9099999999999,1629.4659999999972,1453.385750000002
383,736565.0,1774.9,1774.95,1759.15,1762.5,1718.4789999999994,1755.4600000000014,1759.0650000000016,1771.6574999999998,1632.4289999999971,1455.9797500000018
384,736569.0,1762.4,1771.15,1758.35,1762.25,1720.2999999999995,1757.4800000000014,1759.2450000000015,1770.2874999999997,1635.6259999999972,1458.5437500000016
385,736570.0,1759.0,1759.0,1738.0,1746.15,1721.9359999999992,1758.070000000001,1758.9550000000017,1768.6699999999996,1638.755499999997,1461.003000000002
386,736571.0,1751.95,1770.0,1750.05,1768.55,1723.9219999999993,1762.380000000001,1760.0900000000015,1767.8774999999998,1642.1174999999969,1463.5895000000019
387,736572.0,1772.0,1779.85,1756.4,1776.45,1725.5929999999994,1763.180000000001,1759.6100000000017,1766.8399999999997,1645.496999999997,1466.079000000002
389,736573.0,1781.0,1781.45,1761.1,1767.6,1727.2139999999993,1764.2000000000012,1759.8300000000013,1765.6374999999996,1648.784499999997,1468.5380000000018
391,736576.0,1765.0,1765.0,1746.1,1750.9,1728.2579999999994,1761.930000000001,1759.7050000000013,1764.185,1651.9519999999968,1471.018750000002
393,736577.0,1757.0,1764.9,1751.0,1755.35,1729.4049999999995,1763.7700000000011,1760.9200000000012,1762.4399999999998,1655.110499999997,1473.573750000002
394,736578.0,1743.75,1762.8,1738.0,1759.9,1731.0299999999995,1762.0400000000013,1762.2100000000014,1761.0074999999997,1658.2724999999969,1476.222250000002
395,736579.0,1760.1,1776.75,1760.1,1766.55,1733.0079999999996,1760.0600000000009,1761.6200000000013,1760.4399999999998,1661.534999999997,1478.9980000000019
396,736580.0,1773.4,1790.0,1771.0,1787.65,1735.4319999999996,1764.0700000000008,1764.1350000000014,1761.6,1665.0434999999968,1481.942750000002
398,736583.0,1793.0,1829.0,1790.2,1823.35,1738.6379999999997,1778.5600000000009,1770.2450000000013,1764.7450000000001,1668.8039999999971,1485.0692500000018
400,736584.0,1827.7,1839.9,1818.3,1835.2,1742.3009999999995,1794.530000000001,1779.150000000001,1769.0524999999998,1672.6659999999972,1488.321500000002
401,736585.0,1835.0,1849.0,1824.0,1841.85,1745.9659999999994,1810.9200000000012,1786.480000000001,1773.2849999999999,1676.4629999999972,1491.7032500000018
403,736586.0,1840.15,1852.5,1831.5,1839.4,1749.6869999999992,1825.4900000000011,1792.775000000001,1776.1924999999999,1679.8909999999971,1494.953750000002
404,736587.0,1836.0,1851.8,1833.45,1848.95,1753.6909999999991,1837.7500000000014,1800.9100000000012,1780.3699999999997,1683.0499999999975,1498.276250000002
405,736590.0,1853.55,1864.45,1852.5,1860.45,1757.7369999999992,1845.1700000000014,1811.8650000000011,1785.7849999999994,1686.2839999999976,1501.6847500000022
406,736591.0,1864.9,1868.0,1847.55,1849.7,1761.3869999999993,1848.0700000000015,1821.3000000000015,1791.1099999999994,1689.2744999999977,1504.9352500000023
408,736592.0,1848.0,1861.45,1845.25,1848.85,1764.8369999999993,1849.4700000000016,1830.195000000001,1796.2024999999994,1692.0769999999977,1508.193250000002
410,736593.0,1848.0,1848.5,1830.7,1839.1,1768.0109999999995,1849.4100000000017,1837.4500000000012,1799.5349999999994,1695.0029999999979,1511.443250000002
412,736594.0,1834.8,1838.95,1820.0,1824.1,1770.8679999999995,1844.4400000000016,1841.0950000000007,1802.6149999999993,1697.837999999998,1514.5820000000022
414,736597.0,1822.45,1822.45,1792.6,1799.75,1773.1919999999996,1832.3000000000015,1838.735000000001,1804.4899999999993,1700.3924999999979,1517.608500000002
416,736598.0,1789.05,1796.6,1785.0,1792.3,1775.4389999999996,1820.820000000001,1834.4450000000008,1806.7974999999994,1702.967499999998,1520.662000000002
417,736599.0,1796.0,1805.6,1770.0,1776.5,1777.3219999999994,1806.350000000001,1827.910000000001,1807.1949999999993,1705.410499999998,1523.547000000002
419,736600.0,1774.0,1799.0,1763.3,1795.3,1779.5569999999996,1797.5900000000008,1823.5000000000007,1808.1374999999996,1708.015499999998,1526.5320000000022
421,736601.0,1800.1,1822.0,1796.25,1805.7,1781.8249999999994,1793.910000000001,1819.1750000000006,1810.0424999999996,1710.7149999999979,1529.6382500000022
423,736605.0,1808.0,1821.0,1797.1,1808.85,1783.7839999999997,1795.730000000001,1814.0150000000006,1812.9399999999994,1713.2854999999981,1532.751250000002
424,736606.0,1807.9,1811.9,1793.35,1797.0,1785.6629999999996,1796.6700000000012,1808.7450000000003,1815.0224999999996,1715.7914999999982,1535.857750000002
425,736607.0,1795.0,1805.0,1793.1,1798.6,1786.9329999999995,1801.0900000000013,1803.7200000000005,1816.9574999999993,1718.2609999999984,1538.967750000002
427,736608.0,1798.0,1804.45,1794.0,1800.1,1788.1419999999998,1802.0500000000015,1799.8200000000004,1818.634999999999,1720.7279999999985,1542.056750000002
429,736611.0,1798.8,1803.0,1790.5,1795.5,1789.1009999999997,1800.0100000000014,1796.9600000000005,1819.027499999999,1723.0864999999985,1545.150500000002
430,736612.0,1799.0,1814.95,1792.65,1802.7,1789.3619999999999,1798.7800000000013,1797.2550000000006,1817.994999999999,1725.5419999999986,1548.2545000000018
432,736613.0,1803.25,1815.25,1787.6,1790.15,1789.5949999999998,1797.4100000000012,1797.0400000000009,1815.7424999999992,1727.8724999999986,1551.305250000002
433,736614.0,1795.1,1821.45,1788.0,1818.8,1790.283,1801.4500000000012,1801.270000000001,1814.5899999999995,1730.4479999999985,1554.533750000002
434,736615.0,1826.7,1856.55,1822.0,1850.8,1791.355,1811.5900000000008,1806.8200000000008,1815.1599999999994,1733.1959999999983,1557.856500000002
435,736618.0,1860.0,1873.25,1842.0,1857.15,1792.665,1823.9200000000008,1811.9650000000008,1815.5699999999997,1736.0764999999983,1561.2672500000022
436,736619.0,1850.0,1853.7,1839.1,1851.25,1794.0910000000001,1833.6300000000006,1816.205000000001,1815.11,1738.921499999998,1564.5975000000021
438,736620.0,1841.0,1875.0,1839.0,1868.5,1795.656,1849.3000000000006,1823.355000000001,1816.05,1741.4349999999984,1568.006250000002
440,736621.0,1861.8,1865.0,1840.65,1848.4,1796.8529999999998,1855.2200000000007,1828.3350000000014,1816.0275000000001,1743.6589999999983,1571.222250000002
441,736625.0,1859.9,1869.7,1836.05,1863.3,1798.5610000000001,1857.7200000000007,1834.6550000000013,1817.2375000000004,1745.9729999999981,1574.507750000002
443,736626.0,1863.0,1879.6,1853.0,1867.1,1800.6140000000003,1859.710000000001,1841.8150000000012,1819.3875000000003,1748.3534999999983,1577.857750000002
445,736627.0,1860.0,1863.0,1785.0,1795.1,1801.3070000000005,1848.480000000001,1841.055000000001,1819.1550000000002,1749.9424999999983,1580.8837500000018
446,736628.0,1768.0,1810.0,1757.85,1795.35,1802.2330000000004,1833.850000000001,1841.5750000000007,1819.3075000000001,1751.6099999999983,1583.9330000000016
448,736629.0,1804.4,1807.5,1779.0,1791.05,1802.9100000000005,1822.380000000001,1838.8000000000006,1820.0350000000003,1753.177999999998,1586.9572500000015
450,736632.0,1798.25,1816.0,1792.4,1815.0,1803.5850000000005,1812.7200000000012,1835.2200000000007,1821.02,1754.9724999999983,1590.0640000000014
451,736633.0,1811.5,1811.5,1799.25,1808.5,1804.4470000000008,1801.0000000000011,1830.3550000000007,1821.1600000000003,1756.667999999998,1593.1305000000013
452,736634.0,1815.1,1825.0,1812.0,1821.2,1805.8280000000007,1806.2200000000012,1827.3500000000008,1821.7775000000001,1758.4719999999984,1596.1647500000015
453,736635.0,1823.0,1829.8,1816.95,1822.1,1807.4060000000009,1811.570000000001,1822.7100000000005,1823.0325,1760.2454999999984,1599.1052500000014
454,736636.0,1825.7,1840.0,1821.6,1830.7,1809.0800000000008,1819.5000000000014,1820.9400000000005,1824.6375,1761.8844999999988,1602.0837500000014
455,736639.0,1825.0,1840.0,1822.6,1828.6,1810.203000000001,1822.2200000000016,1817.4700000000005,1826.0625,1763.4829999999988,1605.0642500000013
457,736640.0,1838.0,1844.95,1820.75,1823.7,1811.427000000001,1825.2600000000016,1813.1300000000006,1827.4724999999999,1764.9529999999986,1607.9445000000012
458,736641.0,1825.2,1833.6,1819.0,1825.95,1812.701000000001,1826.2100000000016,1816.2150000000008,1828.6349999999998,1766.5004999999987,1610.8817500000014
459,736642.0,1827.0,1835.0,1821.1,1827.85,1814.3350000000012,1827.3600000000017,1819.4650000000008,1830.5199999999998,1768.1354999999987,1613.8080000000014
461,736643.0,1821.7,1834.8,1812.35,1822.0,1815.4040000000011,1825.6200000000015,1822.5600000000009,1830.6799999999996,1769.6629999999986,1616.7365000000013
462,736646.0,1822.0,1823.15,1795.0,1813.55,1816.1460000000013,1822.6100000000013,1822.4150000000009,1828.8174999999997,1770.8694999999987,1619.6225000000015
463,736647.0,1815.9,1819.0,1800.0,1802.35,1816.8410000000013,1818.3400000000013,1821.8000000000006,1826.0774999999994,1772.0274999999988,1622.4110000000012
465,736648.0,1798.0,1803.65,1788.0,1800.25,1817.8280000000013,1813.2000000000012,1819.7050000000006,1823.5274999999995,1773.0429999999988,1625.0745000000013
466,736649.0,1804.0,1816.0,1795.2,1807.7,1818.8750000000011,1809.1700000000012,1818.2650000000008,1820.4874999999993,1774.1399999999987,1627.6600000000014
468,736650.0,1828.7,1838.3,1813.15,1825.55,1820.1880000000012,1809.880000000001,1817.7500000000007,1819.3449999999993,1775.6089999999988,1630.3282500000014
469,736653.0,1829.0,1839.7,1829.0,1838.15,1821.6200000000013,1814.800000000001,1818.705000000001,1818.0874999999992,1777.3139999999987,1633.0942500000012
470,736654.0,1837.45,1850.0,1836.1,1846.25,1822.7920000000013,1823.580000000001,1820.960000000001,1817.0449999999994,1779.1119999999987,1635.8922500000012
472,736655.0,1849.7,1860.0,1844.55,1855.25,1823.4300000000012,1834.580000000001,1823.8900000000008,1820.0524999999993,1781.0339999999987,1638.6400000000012
473,736656.0,1859.0,1860.0,1838.0,1842.85,1823.5830000000014,1841.610000000001,1825.3900000000008,1822.4274999999993,1782.9419999999989,1641.360750000001
474,736657.0,1843.0,1857.8,1841.0,1851.4,1823.774000000001,1846.780000000001,1828.330000000001,1825.4449999999993,1784.8699999999988,1644.0625000000011
475,736660.0,1849.0,1862.0,1845.6,1857.55,1824.1370000000013,1850.660000000001,1832.730000000001,1827.5724999999995,1786.9119999999987,1646.7797500000013
476,736661.0,1856.0,1871.0,1855.85,1865.35,1824.4650000000015,1854.480000000001,1839.030000000001,1830.4149999999995,1789.0779999999986,1649.570750000001
477,736662.0,1865.0,1875.5,1855.8,1873.3,1824.7220000000016,1858.0900000000008,1846.335000000001,1833.0199999999998,1791.2294999999986,1652.4090000000008
478,736663.0,1868.7,1873.95,1840.0,1853.7,1824.8020000000015,1860.260000000001,1850.9350000000009,1834.5999999999997,1793.0944999999986,1655.1892500000008
479,736664.0,1854.9,1860.0,1844.1,1848.2,1824.7890000000014,1859.6200000000013,1853.2000000000012,1835.4749999999997,1794.8129999999987,1657.912250000001
480,736667.0,1854.9,1854.9,1830.1,1834.1,1824.6890000000014,1854.9300000000014,1852.7950000000008,1835.7499999999995,1796.3499999999988,1660.5317500000008
481,736668.0,1826.0,1828.55,1807.0,1820.45,1824.6160000000011,1845.9500000000014,1850.2150000000008,1835.5874999999996,1797.741999999999,1663.078500000001
482,736669.0,1819.95,1821.35,1799.0,1803.3,1824.6870000000013,1831.9500000000014,1845.020000000001,1834.455,1798.939499999999,1665.4840000000008
483,736670.0,1806.65,1816.6,1803.1,1809.65,1825.034000000001,1823.1400000000012,1841.7000000000012,1833.545,1800.2364999999988,1667.892750000001
485,736671.0,1814.0,1853.0,1814.0,1840.4,1826.312000000001,1821.580000000001,1840.600000000001,1834.4650000000001,1801.8169999999986,1670.209500000001
486,736674.0,1848.0,1851.75,1840.0,1846.4,1827.3340000000007,1824.0400000000009,1839.4850000000013,1836.1075,1803.4454999999987,1672.3960000000013
488,736675.0,1849.1,1849.9,1815.95,1819.9,1827.6180000000008,1823.9300000000007,1834.9400000000016,1836.9850000000001,1804.7214999999987,1674.4177500000014
489,736676.0,1820.05,1845.0,1815.1,1821.35,1827.8680000000008,1827.5400000000009,1829.7450000000015,1838.0400000000002,1805.8259999999989,1676.528750000001
491,736677.0,1824.0,1840.0,1812.0,1838.05,1828.6890000000008,1833.2200000000007,1828.1800000000014,1839.5575000000003,1807.1759999999988,1678.747500000001
492,736678.0,1856.0,1888.0,1855.5,1873.45,1830.1860000000006,1839.830000000001,1830.7050000000013,1841.9525,1808.559499999999,1681.1467500000012
494,736681.0,1855.0,1899.0,1809.3,1878.95,1831.7630000000004,1846.3400000000013,1835.1900000000016,1843.9924999999998,1809.9524999999992,1683.5910000000015
495,736682.0,1879.8,1893.65,1876.15,1884.5,1833.5430000000006,1859.2600000000014,1841.5950000000016,1845.905,1811.3219999999992,1686.0552500000015
496,736683.0,1898.9,1903.1,1863.65,1868.15,1834.8520000000003,1868.6200000000013,1848.0800000000017,1846.55,1812.1069999999993,1688.4955000000016
497,736684.0,1879.9,1885.0,1865.2,1868.3,1836.4150000000006,1874.6700000000012,1853.9450000000015,1847.8225000000002,1813.0049999999992,1690.9520000000016
499,736685.0,1879.0,1880.0,1861.75,1876.65,1837.5720000000003,1875.3100000000009,1857.5700000000015,1849.0850000000003,1813.927499999999,1693.4315000000017
500,736689.0,1881.0,1882.8,1856.7,1868.35,1837.9230000000005,1873.190000000001,1859.7650000000012,1849.625,1814.638999999999,1695.8422500000015
501,736690.0,1870.1,1870.3,1851.15,1856.75,1837.9150000000006,1867.6400000000008,1863.4500000000012,1849.1950000000002,1815.289999999999,1698.1650000000016
502,736691.0,1858.9,1880.9,1858.0,1878.05,1838.4510000000007,1869.6200000000008,1869.1200000000013,1849.4325000000001,1816.2709999999988,1700.5842500000012
503,736692.0,1876.8,1879.2,1868.15,1872.4,1838.5290000000005,1870.440000000001,1872.5550000000014,1850.3675000000003,1817.0924999999988,1702.9457500000017
504,736695.0,1872.7,1880.75,1850.5,1854.5,1838.6510000000007,1866.010000000001,1870.6600000000012,1850.6825000000003,1817.751999999999,1705.1647500000015
505,736696.0,1858.55,1875.0,1858.55,1872.35,1838.8320000000008,1866.8100000000009,1870.0000000000011,1852.5950000000005,1818.696499999999,1707.4435000000014
507,736697.0,1875.0,1878.25,1851.2,1852.65,1838.5430000000006,1865.990000000001,1866.8150000000012,1854.2050000000006,1819.578499999999,1709.6200000000017
509,736698.0,1853.0,1865.5,1853.0,1859.9,1839.8390000000002,1862.360000000001,1865.9900000000011,1857.0350000000005,1820.5729999999987,1711.790250000002
510,736699.0,1863.0,1868.05,1855.55,1863.6,1841.2040000000002,1860.600000000001,1865.5200000000011,1859.7325000000005,1821.7184999999988,1713.9277500000019
512,736702.0,1865.0,1870.7,1857.75,1860.6,1842.5950000000003,1861.820000000001,1863.9150000000009,1860.7425000000003,1822.752499999999,1716.0260000000019
514,736703.0,1862.0,1869.85,1855.0,1863.7,1843.5690000000002,1860.0900000000013,1863.4500000000012,1861.6075,1823.5769999999989,1718.1900000000016
516,736704.0,1865.2,1867.9,1857.3,1864.2,1844.6830000000002,1862.4000000000015,1864.195000000001,1863.8224999999998,1824.5649999999991,1720.3565000000017
517,736705.0,1864.2,1876.0,1856.25,1872.55,1845.7100000000003,1864.9300000000014,1863.6450000000011,1866.3825000000002,1825.768999999999,1722.5975000000017
518,736706.0,1873.0,1878.15,1860.0,1865.3,1846.5740000000003,1865.2700000000011,1862.9350000000009,1867.7450000000001,1826.9899999999989,1724.8747500000018
519,736709.0,1869.95,1904.4,1859.85,1897.75,1847.9150000000002,1872.7000000000012,1867.260000000001,1868.9600000000003,1828.4974999999988,1727.2625000000016
520,736710.0,1903.45,1910.0,1885.25,1900.15,1849.346,1879.990000000001,1870.0400000000013,1870.0200000000004,1829.7744999999986,1729.620250000002
522,736711.0,1897.0,1902.55,1887.0,1890.5,1850.682,1885.2500000000007,1873.8250000000012,1870.3200000000004,1831.0544999999986,1731.741750000002
523,736712.0,1924.0,1954.0,1918.05,1934.3,1852.8490000000002,1897.6000000000008,1881.2650000000008,1873.6275000000005,1832.7749999999985,1734.200500000002
525,736713.0,1935.15,1959.9,1919.25,1952.2,1855.336,1914.980000000001,1890.1250000000011,1877.8225000000002,1834.8354999999988,1736.795500000002
526,736716.0,1960.0,1988.0,1953.15,1963.35,1858.1630000000002,1928.100000000001,1900.400000000001,1882.1575,1836.7834999999989,1739.450500000002
528,736717.0,1965.0,1966.7,1943.3,1951.3,1860.9180000000001,1938.330000000001,1909.160000000001,1886.3050000000003,1838.5319999999986,1742.0145000000018
529,736718.0,1952.55,1969.0,1950.6,1957.65,1864.024,1951.760000000001,1918.505000000001,1891.3500000000004,1840.4324999999985,1744.608500000002
530,736719.0,1953.9,1980.0,1950.5,1974.95,1867.5179999999998,1959.8900000000012,1928.7450000000013,1896.1950000000002,1842.6729999999986,1747.312500000002
532,736723.0,1978.0,2006.95,1978.0,1999.65,1871.3569999999997,1969.380000000001,1942.1800000000014,1902.5575000000001,1845.1159999999986,1750.1132500000022
533,736724.0,1997.8,2001.9,1984.15,1995.5,1874.7559999999999,1975.8100000000009,1951.9550000000013,1909.6075,1847.4719999999986,1752.8722500000022
534,736725.0,1989.4,2013.5,1987.0,2005.7,1878.1069999999997,1986.6900000000012,1962.5100000000014,1916.275,1849.8634999999988,1755.6992500000022
535,736726.0,2006.0,2015.0,1985.3,1991.15,1881.0049999999997,1993.3900000000012,1972.5750000000014,1923.2,1851.8984999999989,1758.4710000000023
536,736727.0,1986.0,1989.9,1941.5,1948.0,1882.8599999999997,1988.0000000000011,1973.9450000000015,1927.605,1853.1449999999988,1760.9745000000025
537,736730.0,1918.0,1935.25,1905.85,1913.85,1884.2799999999997,1970.8400000000013,1970.1100000000013,1930.1174999999998,1853.9314999999988,1763.2987500000024
538,736731.0,1860.0,1912.0,1836.3,1896.8,1885.1879999999999,1951.100000000001,1963.4550000000013,1931.9275000000002,1854.4809999999986,1765.4720000000023
540,736732.0,1907.0,1907.0,1862.4,1872.8,1885.493,1924.520000000001,1955.6050000000014,1932.3825000000004,1854.8149999999985,1767.353000000002
542,736733.0,1884.0,1898.6,1866.5,1880.95,1885.8049999999996,1902.480000000001,1947.9350000000013,1933.2200000000005,1855.1349999999986,1769.0925000000022
543,736734.0,1847.9,1864.7,1844.1,1849.5,1885.3289999999997,1882.780000000001,1935.3900000000012,1932.0675000000003,1855.0254999999984,1770.6547500000024
545,736737.0,1860.0,1886.0,1855.15,1876.65,1885.7879999999996,1875.3400000000008,1923.0900000000013,1932.6350000000002,1855.2949999999983,1772.2847500000023
546,736739.0,1889.8,1897.9,1874.65,1883.15,1886.4869999999996,1872.610000000001,1911.8550000000014,1931.9050000000002,1855.637999999998,1773.8575000000026
547,736740.0,1889.7,1894.75,1875.0,1881.9,1887.4429999999993,1874.430000000001,1899.4750000000015,1930.9925000000003,1856.065999999998,1775.5345000000027
548,736741.0,1883.9,1894.85,1875.65,1878.6,1888.6059999999995,1873.960000000001,1888.2200000000012,1930.3975000000003,1856.610999999998,1777.2245000000028
549,736744.0,1882.6,1887.6,1859.05,1878.2,1890.1039999999994,1879.7000000000012,1881.2400000000011,1927.5925,1857.395499999998,1778.894000000003
550,736745.0,1884.75,1885.85,1858.8,1863.2,1891.1749999999995,1877.0100000000014,1876.1750000000015,1923.1425,1858.1044999999983,1780.536000000003
551,736746.0,1867.95,1868.55,1852.2,1857.4,1891.5149999999994,1871.8600000000013,1872.2350000000017,1917.845,1858.9134999999983,1782.162000000003
552,736747.0,1850.0,1860.0,1841.55,1853.2,1891.6509999999994,1866.1200000000015,1870.275000000002,1912.9399999999998,1859.4924999999985,1783.754000000003
553,736748.0,1856.9,1884.85,1850.4,1880.55,1892.8639999999996,1866.5100000000014,1870.2350000000017,1909.0849999999998,1860.2409999999984,1785.478000000003
554,736751.0,1888.1,1914.8,1883.55,1911.55,1894.6679999999997,1873.180000000001,1876.4400000000016,1905.9150000000002,1861.2679999999982,1787.2767500000032
555,736752.0,1914.75,1921.75,1900.0,1902.55,1895.9579999999996,1881.0500000000006,1879.0300000000013,1901.0600000000002,1862.323499999998,1789.0575000000028
556,736753.0,1889.55,1895.45,1878.0,1884.2,1896.1729999999995,1886.410000000001,1879.1350000000014,1895.4950000000001,1863.1794999999981,1790.7202500000028
557,736754.0,1879.3,1893.3,1868.0,1874.35,1896.0809999999997,1890.6400000000008,1878.380000000001,1888.9275000000002,1863.921999999998,1792.3250000000025
558,736758.0,1874.15,1878.0,1858.25,1869.95,1895.7899999999997,1888.5200000000011,1877.5150000000012,1882.8674999999998,1864.6664999999982,1793.8765000000026
560,736759.0,1870.0,1879.9,1839.5,1846.25,1895.3519999999999,1875.4600000000014,1874.320000000001,1877.78,1865.101999999998,1795.3220000000024
561,736760.0,1840.0,1853.4,1828.5,1832.6,1894.638,1861.4700000000016,1871.260000000001,1873.7175,1865.5264999999981,1796.6995000000024
562,736761.0,1839.8,1858.5,1832.0,1852.85,1894.162,1855.2000000000014,1870.8050000000007,1871.5199999999998,1865.8669999999984,1798.1575000000023
564,736762.0,1854.95,1865.25,1844.0,1851.05,1893.816,1850.5400000000013,1870.5900000000006,1870.4324999999997,1865.8694999999984,1799.5327500000024
565,736765.0,1860.2,1869.45,1853.4,1867.25,1894.026,1850.0000000000011,1869.2600000000007,1869.7475,1865.9704999999985,1801.0235000000023
566,736766.0,1867.45,1884.75,1855.0,1860.25,1893.67,1852.800000000001,1864.1300000000006,1870.2849999999999,1866.0604999999985,1802.4910000000025
567,736767.0,1856.0,1867.9,1848.0,1864.5,1893.5120000000002,1859.180000000001,1860.3250000000007,1869.6774999999998,1866.0204999999985,1803.7277500000023
568,736768.0,1865.2,1887.5,1865.2,1880.8,1894.0380000000002,1864.770000000001,1859.9850000000006,1869.56,1866.3444999999983,1805.0017500000022
570,736769.0,1880.0,1881.1,1846.55,1853.0,1893.651,1865.160000000001,1857.8500000000008,1868.1149999999998,1866.2414999999985,1806.107250000002
571,736772.0,1853.0,1860.0,1843.15,1847.25,1893.5430000000001,1861.160000000001,1855.5800000000006,1866.5475,1866.0429999999985,1807.1982500000022
573,736773.0,1845.1,1855.9,1835.25,1839.5,1893.1350000000002,1857.010000000001,1854.9050000000007,1864.6125,1866.4869999999983,1808.2147500000021
574,736774.0,1848.0,1863.2,1843.3,1858.9,1893.0410000000002,1855.8900000000008,1857.535000000001,1864.3975000000003,1867.1224999999984,1809.3662500000023
575,736775.0,1858.9,1880.0,1855.1,1867.75,1893.184,1853.280000000001,1859.025000000001,1864.9150000000002,1867.8894999999984,1810.5337500000023
577,736776.0,1846.65,1853.1,1837.25,1841.55,1892.741,1850.990000000001,1858.0750000000012,1864.3325000000004,1868.1549999999982,1811.5637500000023
579,736779.0,1839.9,1900.0,1833.5,1893.45,1893.326,1860.230000000001,1860.695000000001,1864.9775000000002,1869.0044999999984,1812.8362500000023
581,736780.0,1893.8,1899.0,1876.0,1892.6,1893.727,1870.850000000001,1863.930000000001,1864.03,1869.7184999999984,1814.0952500000024
582,736781.0,1882.95,1899.7,1876.05,1886.1,1894.1430000000003,1876.2900000000013,1866.0900000000008,1863.2074999999998,1870.3584999999982,1815.3020000000022
584,736786.0,1890.5,1935.75,1890.5,1931.2,1894.8120000000001,1888.9800000000014,1871.130000000001,1865.5574999999997,1871.3634999999983,1816.6240000000023
586,736787.0,1923.95,1925.7,1911.0,1915.9,1895.1270000000002,1903.8500000000015,1877.4200000000012,1867.6349999999998,1872.2364999999982,1817.8597500000024
587,736788.0,1912.95,1924.95,1878.45,1883.25,1894.9820000000002,1901.8100000000013,1881.0200000000011,1868.3,1872.831999999998,1818.8925000000024
589,736789.0,1901.3,1914.0,1890.2,1908.9,1894.474,1905.070000000001,1887.9600000000014,1871.4325000000001,1873.661499999998,1820.0810000000024
591,736790.0,1912.2,1926.45,1905.8,1923.4,1893.898,1912.530000000001,1894.4100000000012,1875.9725000000003,1874.6169999999977,1821.3762500000025
593,736793.0,1918.8,1942.0,1916.4,1939.05,1893.4119999999998,1914.1000000000008,1901.5400000000013,1880.2825000000005,1875.7874999999976,1822.7252500000025
595,736794.0,1943.0,1943.0,1913.5,1920.85,1892.8029999999999,1915.0900000000008,1909.4700000000012,1883.7725000000003,1876.860499999998,1823.8650000000023
597,736795.0,1915.9,1920.0,1905.4,1918.85,1892.027,1922.210000000001,1912.010000000001,1886.3525000000002,1878.025499999998,1825.0265000000022
599,736796.0,1916.0,1932.9,1905.9,1928.8,1891.1040000000003,1926.190000000001,1915.630000000001,1889.7800000000002,1879.3109999999976,1826.1770000000022
601,736797.0,1928.0,1940.0,1919.1,1925.0,1889.6110000000003,1926.510000000001,1919.5200000000011,1892.8050000000003,1880.4839999999976,1827.3120000000022
602,736800.0,1920.0,1950.0,1919.85,1942.1,1888.5430000000006,1927.1200000000013,1920.610000000001,1895.8700000000001,1881.6494999999977,1828.629250000002
603,736801.0,1943.5,1951.0,1934.1,1948.5,1887.3990000000006,1932.650000000001,1923.8700000000008,1900.645,1882.7529999999979,1830.0335000000018
604,736802.0,1951.0,1953.5,1930.05,1932.6,1886.2280000000007,1935.400000000001,1928.8050000000007,1904.9125,1883.6164999999978,1831.3642500000017
606,736803.0,1940.0,1944.8,1933.0,1939.0,1886.0480000000007,1937.4400000000012,1931.8150000000005,1909.8875,1884.453999999998,1832.7440000000017
607,736804.0,1941.0,1961.0,1932.15,1955.9,1886.8890000000006,1943.6200000000013,1935.0650000000005,1914.7375,1885.584499999998,1834.2632500000018
608,736807.0,1979.0,1979.0,1860.3,1935.75,1887.6680000000006,1942.350000000001,1934.7350000000006,1918.1375,1886.4279999999978,1835.649000000002
609,736808.0,1935.0,1948.05,1926.0,1935.0,1888.9120000000005,1939.650000000001,1936.1500000000008,1922.81,1887.202499999998,1837.057250000002
610,736809.0,1927.9,1938.0,1912.0,1920.75,1889.7080000000005,1937.280000000001,1936.3400000000008,1924.175,1887.756499999998,1838.417250000002
612,736810.0,1916.8,1939.2,1911.25,1930.25,1891.3230000000005,1935.530000000001,1936.485000000001,1926.0575000000001,1888.325999999998,1839.777750000002
613,736811.0,1933.0,1935.5,1912.5,1923.4,1892.2580000000005,1929.030000000001,1936.3250000000012,1927.9225000000001,1889.0229999999979,1841.058750000002
615,736814.0,1930.0,1954.8,1928.8,1944.3,1893.4810000000007,1930.740000000001,1936.5450000000012,1928.5775000000006,1889.9839999999976,1842.398500000002
616,736816.0,1950.0,1978.0,1946.0,1969.5,1895.2330000000009,1937.6400000000008,1938.6450000000011,1931.2575000000004,1891.3379999999975,1843.8440000000019
617,736817.0,1968.05,1974.9,1946.0,1967.9,1897.0190000000005,1947.0700000000008,1942.1750000000015,1935.4900000000005,1892.8124999999973,1845.2772500000021
618,736818.0,1970.0,1990.0,1966.3,1988.5,1899.2250000000006,1958.7200000000007,1947.1250000000014,1939.4700000000005,1894.6644999999976,1846.8020000000022
619,736821.0,1981.65,1987.3,1975.0,1977.4,1901.5090000000005,1969.520000000001,1949.2750000000015,1942.1700000000005,1896.3419999999976,1848.2892500000023
621,736822.0,1979.25,1979.9,1954.6,1967.05,1903.7020000000007,1974.0700000000008,1952.4050000000013,1943.5700000000004,1897.6084999999975,1849.7127500000022
623,736823.0,1956.15,1980.5,1956.15,1978.4,1906.2060000000006,1975.8500000000008,1956.7450000000015,1946.4475000000007,1898.9284999999975,1851.1870000000024
625,736824.0,1988.6,1999.0,1982.0,1992.7,1908.4490000000005,1980.8100000000009,1963.9400000000016,1950.1400000000006,1900.6564999999975,1852.6890000000026
626,736825.0,1992.7,2017.0,1986.0,2011.75,1910.4530000000004,1985.460000000001,1972.0900000000015,1954.2875000000004,1902.5604999999975,1854.1932500000025
628,736828.0,2017.2,2027.4,2012.4,2021.75,1912.8370000000004,1994.330000000001,1981.9250000000015,1959.1250000000005,1904.3974999999978,1855.7867500000025
630,736829.0,2027.05,2065.0,2026.7,2037.8,1915.9090000000006,2008.480000000001,1991.2750000000015,1963.9100000000005,1906.0409999999974,1857.3002500000025
632,736830.0,2030.55,2049.0,2017.15,2023.35,1918.8890000000006,2017.4700000000012,1996.6600000000012,1967.6525000000006,1907.4849999999974,1858.7187500000023
634,736831.0,2023.85,2044.45,2012.5,2027.75,1922.0450000000005,2024.480000000001,2002.6450000000011,1972.4100000000005,1908.9174999999973,1860.1197500000023
635,736832.0,2024.7,2024.7,2003.5,2012.15,1925.3630000000005,2024.5600000000009,2005.0100000000014,1976.0675000000006,1910.3574999999973,1861.2322500000023
637,736835.0,2016.1,2021.0,1986.05,1993.05,1928.5720000000003,2018.8200000000008,2006.5750000000012,1977.9250000000006,1911.6049999999973,1862.3050000000023
639,736836.0,1998.7,2013.95,1985.5,1989.9,1931.313,2009.240000000001,2008.8600000000013,1980.6325000000008,1912.7374999999975,1863.3325000000023
640,736837.0,1987.8,1994.0,1963.4,1967.5,1933.642,1998.0700000000008,2007.7700000000011,1982.2575000000008,1913.7289999999973,1864.1840000000022
641,736838.0,1967.1,1990.25,1956.35,1986.0,1936.017,1989.7200000000007,2007.100000000001,1985.520000000001,1915.0214999999973,1865.1557500000022
642,736839.0,1990.0,2016.0,1989.9,2008.7,1938.986,1989.030000000001,2006.7950000000012,1989.4425000000006,1916.3279999999975,1866.2995000000021
643,736842.0,2007.8,2052.0,2006.0,2042.2,1942.54,1998.8600000000013,2008.8400000000013,1995.3825000000004,1918.0259999999978,1867.5592500000023
644,736843.0,2038.0,2052.7,2028.8,2032.6,1945.576,2007.4000000000015,2008.320000000001,1999.7975000000001,1919.8069999999977,1868.7795000000021
645,736844.0,2019.7,2053.0,2016.3,2048.35,1949.4830000000002,2023.5700000000015,2010.820000000001,2003.7400000000002,1921.5669999999977,1870.1317500000018
646,736845.0,2100.0,2160.0,2080.0,2139.45,1955.3270000000002,2054.260000000001,2021.9900000000011,2012.3174999999999,1924.434999999998,1872.0067500000018
648,736846.0,2116.0,2138.0,2101.0,2110.6,1960.7490000000003,2074.6400000000012,2031.835000000001,2018.4225,1926.9419999999982,1873.7575000000018
649,736849.0,2150.0,2157.0,2037.95,2046.2,1964.4950000000003,2075.4400000000014,2037.150000000001,2021.8624999999997,1928.7679999999982,1875.2432500000018
651,736850.0,2050.0,2066.95,2023.0,2063.6,1968.4120000000005,2081.6400000000012,2044.520000000001,2026.6899999999994,1930.7979999999982,1876.7752500000017
652,736851.0,2060.2,2064.8,2045.0,2057.35,1972.7280000000005,2083.4400000000014,2053.5050000000006,2030.6374999999994,1932.734499999998,1878.1557500000015
653,736852.0,2073.2,2079.8,2053.2,2062.2,1976.1030000000005,2067.9900000000007,2061.125000000001,2034.1124999999993,1934.714499999998,1879.6397500000014
654,736853.0,2059.0,2061.25,2035.0,2049.35,1979.2380000000005,2055.7400000000007,2065.1900000000005,2035.9924999999992,1936.4824999999983,1881.1257500000013
655,736856.0,2051.9,2062.95,2038.8,2042.3,1982.3620000000003,2054.9600000000005,2065.2000000000003,2037.0199999999993,1938.2524999999982,1882.621250000001
656,736857.0,2051.9,2052.7,2038.4,2043.85,1984.6150000000007,2051.0100000000007,2066.3250000000003,2037.322499999999,1939.7134999999982,1884.105500000001
657,736858.0,2052.0,2054.8,2024.1,2031.45,1986.9260000000006,2045.8300000000006,2064.6350000000007,2037.727499999999,1941.0264999999986,1885.400500000001
658,736859.0,2030.0,2045.0,2025.0,2037.4,1990.0090000000005,2040.8700000000003,2054.4300000000007,2038.2099999999991,1942.4954999999984,1886.7750000000012
